<?xml version="1.0" encoding="UTF-8"?>
<!DOCTYPE suite SYSTEM "https://testng.org/testng-1.0.dtd">
<suite name="Suite">
  <test thread-count="5" name="Test">
    <classes>
      <class name="com.urbanladder.testcases.SaleValidation"/>
      <class name="com.urbanladder.testcases.HomeValidation"/>
      <class name="com.urbanladder.testcases.SelectValidation"/>
      <class name="com.urbanladder.testcases.LoginValidation"/>
      <class name="com.urbanladder.testcases.AddToCartValidation"/>
    </classes>
  </test> <!-- Test -->
</suite> <!-- Suite -->
